{
  "project_info": {
    "project_number": "860623861748",
    "project_id": "technova-gulu",
    "storage_bucket": "technova-gulu.firebasestorage.app"
  },
  "client": [
    {
      "client_info": {
        "mobilesdk_app_id": "1:860623861748:android:cdb3907883295bbfecaba1",
        "android_client_info": {
          "package_name": "technova.adapp"
        }
      },
      "oauth_client": [],
      "api_key": [
        {
          "current_key": "AIzaSyBd_fPeSOZVcYmpehLlOPBv4xcTGxw4DuM"
        }
      ],
      "services": {
        "appinvite_service": {
          "other_platform_oauth_client": []
        }
      }
    }
  ],
  "configuration_version": "1"
}